{
  "_id": "Y9yLjLecBNSRuLEJj",
  "status": "active",
  "customerNumber": "100171",
  "name": "Masaba Ventures. (Abioye Alh.)",
  "blocked": false,
  "description": "MASABA VENTURES. (ABIOYE ALH.)",
  "originCustomerId": "100171",
  "phone": "39393",
  "title": " ",
  "currency": {
    "iso": "NGN",
    "symbol": "₦"
  },
  "addressBook": [
    {
      "company": "Masaba Ventures. (Abioye Alh.)",
      "fullName": "Alh. Abioye Masaba",
      "address1": "F10, Iyaloja St.",
      "address2": "F10, Iyaloja St.",
      "city": "",
      "state": "",
      "postal": "",
      "country": "NG",
      "phone": "",
      "isCommercial": true,
      "isShippingDefault": true,
      "isBillingDefault": true,
      "_id": "fJ467ntiegWApMiCN"
    }
  ],
  "url": "",
  "direct": true,
  "defaultDiscountRate": 15,
  "defaultPriceListCode": "DIS",
  "defaultTaxRate": 5,
  "updatedAt": "2016-01-22T20:46:52.411Z",
  "createdAt": "2016-01-23T20:46:52.411Z",
  "creditLimit": 0,
  "account": {
    "currentBalance": 0,
    "currentDeposits": 900000,
    "currentRebates": 500000,
    "creditAmount": 4200000,
    "debitAmount": 1700000,
    "valueDate": "2016-01-11T13:46:52.411-0700"
  },
  "accountHistory": [
    {
      "currentBalance": 0,
      "currentDeposits": 2000000,
      "currentRebates": 500000,
      "creditAmount": 4100000,
      "debitAmount": 600000,
      "valueDate": "2015-11-08T13:46:52.411-0700"
    },
    {
      "currentBalance": -100,
      "currentDeposits": 2100000,
      "currentRebates": 500000,
      "creditAmount": 4200000,
      "debitAmount": 600000,
      "valueDate": "2015-11-09T13:46:52.411-0700"
    },
    {
      "currentBalance": -200,
      "currentDeposits": 900000,
      "currentRebates": 500000,
      "creditAmount": 4200000,
      "debitAmount": 1700000,
      "valueDate": "2015-11-10T13:46:52.411-0700"
    },
    {
      "currentBalance": -150,
      "currentDeposits": 900000,
      "currentRebates": 500000,
      "creditAmount": 4200000,
      "debitAmount": 1700000,
      "valueDate": "2015-11-11T20:46:52.411Z"
    }
  ],
  "groupCode": "DIS",
  "_groupId": "cKseJrK4z9CFn682C",
  "companyType": "distributor",
  "orders": []
}